CustomerID,FirstName,LastName,MembershipStatus,Address
00001,Charlotte,Ramos,Rouge,AL
00002,Angel,Faulkner,Insider,CA
00003,Ansley,Meyers,None,PA
00004,Julien,Fuentes,None,OK
00005,Madeleine,Morris,Insider,NV
00006,Christian,McKay,Insider,WA
00007,Leanna,Dawson,Insider,MI
00008,Iker,Noble,VIB,CT
00009,Hunter,Peters,Insider,UT
00010,Patrick,Black,Insider,RI
00011,Molly,Flynn,Rouge,NJ
00012,Kannon,Fitzgerald,Insider,NJ
00013,Marlee,Adkins,VIB,AZ
00014,Kylo,Tyler,Rouge,LA
00015,Helena,Stanton,None,HI
00016,Zyair,Williams,None,UT
00017,Ava,Gill,Insider,KY
00018,Matthias,Sloan,Insider,NV
00019,Selene,Gillespie,None,TN
00020,Forest,Franklin,None,UT
00021,Angela,Wall,Insider,RI
00022,Issac,Robinson,Insider,OK
00023,Nora,Fleming,None,PA
00024,Fernando,Dunlap,None,OK
00025,Iliana,Daugherty,None,AZ
00026,Turner,Farmer,Insider,WA
00027,Madelynn,Leblanc,VIB,PR
00028,Braden,Castro,Insider,NY
00029,Eloise,Gallegos,Rouge,NE
00030,Jonas,Chambers,VIB,MD
00031,Makayla,Knight,VIB,DC
00032,Beckett,Martin,None,PA
00033,Mila,Randall,VIB,OR
00034,Trenton,Benjamin,VIB,AR
00035,Jianna,Guerra,Insider,TN
00036,Leland,Simmons,None,NY
00037,Reagan,Martinez,VIB,VA
00038,Alexander,Jennings,Rouge,MA
00039,Palmer,Ramos,Insider,MD
00040,Angel,Blankenship,None,NV
00041,Rosalee,Good,None,ID
00042,Davian,Sampson,VIB,NE
00043,Meilani,Small,Insider,NC
00044,Rudy,Nixon,None,KY
00045,Deborah,Pratt,Insider,WI
00046,Rowen,McCoy,Insider,MO
00047,Mckenzie,Norris,Insider,AK
00048,Cairo,Mason,VIB,AK
00049,Sienna,Snow,Insider,MN
00050,Houston,May,None,VA
00051,Adriana,Simon,Rouge,CA
00052,Zayne,Mayer,VIB,NH
00053,Ainhoa,Franco,Rouge,CA
00054,Gage,Fowler,VIB,CT
00055,Lennon,Alfaro,Insider,TX
00056,Xzavier,Coffey,Insider,KS
00057,Paola,Herring,VIB,WI
00058,Henrik,Beard,Insider,TN
00059,Ezra,Wade,VIB,TX
00060,Jake,Patton,Insider,WA
00061,Lorelei,Hines,Insider,VA
00062,Uriel,Kent,None,GA
00063,Jazmine,Burgess,Insider,DC
00064,Kolton,Foster,None,SC
00065,Brielle,Francis,Rouge,KY
00066,Harvey,Vega,None,TX
00067,Dakota,Garcia,Insider,DC
00068,James,Hancock,Rouge,AZ
00069,Katelyn,Wilkerson,None,DE
00070,Carmelo,Gray,Rouge,PA
00071,Sarah,Ruiz,None,WA
00072,Austin,Gill,VIB,MI
00073,Jordan,Winters,Rouge,AZ
00074,Deandre,Holt,Rouge,WA
00075,Adelynn,Villarreal,Rouge,TN
00076,Nikolai,Hammond,VIB,WA
00077,Holly,Savage,Insider,NJ
00078,Keaton,Cabrera,Insider,VA
00079,Daleyza,Meyers,VIB,WI
00080,Julien,Kent,None,MN
00081,Jazmine,Martin,Insider,TX
00082,Mateo,Kemp,VIB,MI
00083,Anika,Serrano,None,AZ
00084,Milan,Ray,VIB,OK
00085,Ruth,Berry,VIB,ID
00086,Adonis,Wang,Insider,DC
00087,Kailani,Rich,Insider,AK
00088,Miller,McGuire,Insider,RI
00089,April,Aguirre,VIB,NJ
00090,Andy,Reyes,None,IN
00091,Audrey,Conrad,None,UT
00092,Dilan,Guevara,Rouge,DE
00093,Teresa,Knight,None,NV
00094,Beckett,Travis,VIB,PA
00095,Mazikee,Middleton,None,VA
00096,Misael,Giles,None,TN
00097,Bailee,Curry,Rouge,OK
00098,Briggs,Lee,None,NH
00099,Scarlett,Gibson,Insider,GA
00100,Tyler,Bradley,VIB,NJ
00101,Vanessa,Parsons,Insider,NE
00102,Lewis,Butler,None,WA
00103,Athena,Fitzgerald,Rouge,UT
00104,Peyton,Bernard,Rouge,HI
00105,Barbara,Goodman,Insider,NE
00106,Philip,Coffey,None,PA
00107,Paola,Alexander,Rouge,SC
00108,Kingston,Livingston,Insider,MS
00109,Milena,Steele,None,NH
00110,Elian,Villanueva,None,FL
00111,Monroe,Livingston,Rouge,IL
00112,Ambrose,Short,VIB,TX
00113,Cheyenne,Bautista,None,NJ
00114,Raul,Fisher,Rouge,NV
00115,Arya,Chavez,Rouge,IL
00116,Ian,Dean,Insider,MN
00117,Julianna,Person,None,AR
00118,Moses,Sherman,Insider,CO
00119,Addilyn,Rios,None,MI
00120,Israel,Brock,Insider,IN
00121,Jada,Green,Rouge,NV
00122,Anthony,Bonilla,Rouge,IN
00123,Romina,Henson,Rouge,TN
00124,Bellamy,Boyer,Insider,NY
00125,Chaya,Chang,Rouge,MN
00126,Ari,Leon,VIB,MS
00127,Amora,Sexton,Rouge,NY
00128,Mylo,Marin,Rouge,PR
00129,Celia,Keith,None,NY
00130,Jagger,Johnston,Insider,MI
00131,Laila,Sloan,Insider,OR
00132,Ocean,Vega,Insider,NE
00133,Dakota,Carroll,Insider,NC
00134,Oscar,Erickson,VIB,OR
00135,Sabrina,Lim,VIB,RI
00136,Cal,Howell,VIB,AL
00137,Mckenna,Cochran,VIB,NH
00138,Danny,Pollard,VIB,TN
00139,Marisol,Savage,Insider,AL
00140,Keaton,Palmer,None,ID
00141,Juniper,Barber,VIB,CT
00142,Solomon,Osborne,None,KY
00143,Shelby,Rodriguez,None,IA
00144,Henry,Fisher,Insider,AR
00145,Arya,Sullivan,Rouge,MS
00146,Evan,Ponce,Rouge,MA
00147,Aileen,Gordon,VIB,FL
00148,Karter,Wilcox,Rouge,MA
00149,Ashlyn,Dickerson,Rouge,KY
00150,Flynn,Travis,VIB,WA
00151,Mazikee,McMahon,Rouge,SC
00152,Jakob,Solomon,VIB,OR
00153,Mylah,Brandt,Rouge,DE
00154,Damir,Zavala,Rouge,GA
00155,Liv,Murphy,Insider,NE
00156,Cameron,Landry,Insider,HI
00157,Brynleigh,Berger,Rouge,MO
00158,Byron,Sosa,Insider,CO
00159,Cassandra,Mitchell,Insider,PR
00160,Jaxon,Maldonado,Insider,VA
00161,Elaina,Sanford,Rouge,SC
00162,Truett,Moyer,VIB,TX
00163,Zola,Browning,Insider,LA
00164,Rohan,Rodgers,Insider,NH
00165,Selah,Cortes,None,NV
00166,Banks,Graham,None,NC
00167,Alaia,Pham,Insider,GA
00168,Russell,Brennan,Rouge,PA
00169,Elodie,Bridges,Insider,NE
00170,Mohammed,Foley,Rouge,NH
00171,Zaylee,Whitaker,None,NY
00172,Keith,Nichols,VIB,MS
00173,Aliyah,Luna,None,ND
00174,Erick,Barron,Rouge,WI
00175,Anya,Howard,Rouge,ME
00176,Jeremiah,Lee,VIB,IA
00177,Scarlett,Booth,None,IL
00178,Chaim,Weber,VIB,MN
00179,Alayah,McClure,Rouge,AZ
00180,Reese,Vance,None,MO
00181,Maxine,Hutchinson,None,FL
00182,Korbin,McKay,None,CA
00183,Leanna,Walter,Insider,SC
00184,Lochlan,Murillo,Rouge,NY
00185,Mikaela,Owen,None,IA
00186,Cannon,Ventura,Rouge,DC
00187,Zora,Flynn,VIB,SD
00188,Kannon,Cuevas,None,CT
00189,Adele,Ware,Insider,GA
00190,Tadeo,Garner,Rouge,KY
00191,Jacqueline,Walls,Insider,LA
00192,Larry,Harrell,None,CA
00193,Kara,Charles,None,CT
00194,Conrad,Acosta,None,CT
00195,Kaia,Travis,VIB,NY
00196,Willie,Lopez,Rouge,OH
00197,Gianna,Wilkinson,Insider,WI
00198,Leonard,Barrera,Insider,AK
00199,Beatrice,Mercado,Rouge,KY
00200,Abram,Moon,Insider,SC
00201,Naya,Bass,VIB,PA
00202,Landen,Floyd,None,NM
00203,Yaretzi,Reyna,Insider,FL
00204,Reginald,Cohen,VIB,UT
00205,Destiny,Corona,Insider,AK
00206,Darian,Snyder,None,DC
00207,Callie,Cantu,None,WI
00208,Anakin,Serrano,Insider,MO
00209,Allie,Huynh,Rouge,KS
00210,Layton,Le,Insider,KS
00211,Myla,Small,VIB,IL
00212,Rudy,Avila,Insider,OK
00213,Amiyah,Aguirre,Rouge,DE
00214,Andy,Eaton,Insider,MN
00215,Miley,Schwartz,Rouge,HI
00216,Edwin,Bartlett,None,MA
00217,Aubrielle,Dixon,VIB,NH
00218,Camden,Wilkerson,None,HI
00219,Janiyah,Morrison,Insider,NE
00220,Maximus,Sellers,VIB,TN
00221,Mercy,Griffith,Rouge,AL
00222,Franklin,Campos,VIB,ND
00223,Sutton,Rangel,VIB,TX
00224,Saint,Lewis,Insider,NV
00225,Ellie,Peters,Rouge,IA
00226,Patrick,Greene,None,SC
00227,Selena,Daniel,None,AK
00228,Grady,Williamson,Rouge,MO
00229,Catherine,Sharp,None,NV
00230,Royce,Blankenship,Insider,OK
00231,Rosalee,Holland,VIB,CT
00232,Brady,Richardson,Insider,NM
00233,Allison,White,None,VA
00234,Aiden,Paul,VIB,NM
00235,Daphne,David,Insider,GA
00236,Alonso,Lambert,VIB,WA
00237,Nina,Hunt,None,KY
00238,Jesus,Mahoney,Rouge,UT
00239,Promise,Cunningham,VIB,NJ
00240,Alejandro,Dalton,Rouge,ME
00241,Lilian,Ibarra,VIB,ID
00242,Asa,Dunlap,Insider,NH
00243,Iliana,Snow,None,FL
00244,Houston,Wiley,Rouge,AZ
00245,Lauryn,Benjamin,Rouge,VA
00246,Kyro,Pena,Rouge,ID
00247,Rachel,Kline,Insider,IA
00248,Ramon,Gilmore,VIB,VA
00249,Chanel,Nolan,Insider,NJ
00250,Maximo,Hunter,VIB,MN
00251,Khloe,Choi,VIB,IA
00252,Khari,Beltran,Rouge,PA
00253,Kaydence,Baxter,None,NY
00254,Tomas,Madden,None,CO
00255,Violette,Bryan,None,TN
00256,Jaxtyn,Mora,None,NC
00257,Jemma,Shaw,Insider,RI
00258,Elliot,Johns,VIB,MO
00259,Giovanna,Duran,Rouge,ME
00260,Ismael,McCormick,Insider,IA
00261,Macie,Reilly,Rouge,FL
00262,Alvaro,Dudley,VIB,DE
00263,Hadleigh,Velazquez,VIB,KS
00264,Drew,Hardin,None,VA
00265,Vada,Hardin,None,PA
00266,Hassan,Savage,Rouge,AZ
00267,Louise,Travis,Insider,TX
00268,Willie,Hall,Rouge,WA
00269,Leah,Horn,Insider,NY
00270,Wilson,Avalos,VIB,NM
00271,Paloma,Ventura,None,FL
00272,Branson,Brooks,Rouge,MA
00273,Autumn,Yang,None,ME
00274,Malcolm,Willis,VIB,PA
00275,Alexa,Kirk,Rouge,PR
00276,Alessandro,Brandt,VIB,WA
00277,Loretta,Tang,VIB,OR
00278,Rogelio,Gallegos,VIB,IN
00279,Ari,Delgado,Rouge,AK
00280,Colt,Bishop,VIB,PA
00281,Brooklynn,Dunn,Insider,DC
00282,Dawson,Stout,None,IL
00283,Chana,Norman,Insider,PR
00284,Aziel,Jennings,Insider,MA
00285,Palmer,McMillan,Rouge,VA
00286,Rocky,Khan,Insider,ME
00287,Mabel,Bush,Rouge,SD
00288,Tyson,Macias,Insider,IL
00289,Adley,Patel,Rouge,WA
00290,Parker,Orozco,Insider,ID
00291,Renata,Bruce,None,DC
00292,Uriah,Cordova,Insider,DE
00293,Florence,Ibarra,None,OH
00294,Asa,Bauer,VIB,PR
00295,Haley,Ellis,VIB,MD
00296,Cole,Fitzgerald,Insider,HI
00297,Marlee,Villegas,Insider,MI
00298,Clyde,Cardenas,None,MI
00299,Raven,Reed,Rouge,ND
00300,Easton,Calhoun,VIB,AL
00301,Thalia,Savage,Rouge,IA
00302,Keaton,Atkinson,VIB,AR
00303,Jazmin,Arellano,Insider,MD
00304,Kellan,Ayala,None,PA
00305,Blair,Roberson,Rouge,NY
00306,Shepherd,Orr,None,AK
00307,Alaiya,Andrews,Rouge,AZ
00308,Lukas,Joseph,VIB,TN
00309,Gracelynn,Norris,Insider,SC
00310,Cairo,Rivera,Rouge,LA
00311,Lillian,Baker,Rouge,UT
00312,Ezra,Gallegos,Insider,HI
00313,Ari,Keller,VIB,PA
00314,Nico,Moore,Insider,NJ
00315,Emily,Boyle,Insider,CT
00316,Robin,Chen,None,NM
00317,Valeria,Fitzgerald,Insider,AK
00318,Peyton,Juarez,Rouge,PR
00319,Juliet,Larsen,Rouge,VA
00320,Brycen,Larsen,Insider,UT
00321,Xiomara,McLaughlin,VIB,VA
00322,Ibrahim,Wiggins,VIB,IN
00323,Capri,Marks,None,NM
00324,Amos,Donaldson,Insider,MN
00325,Natasha,Abbott,None,NM
00326,Kohen,Waller,Insider,NH
00327,Whitley,Carpenter,Insider,AR
00328,Jeremy,Diaz,VIB,RI
00329,Elena,Blair,VIB,MS
00330,Troy,Murphy,None,VA
00331,Bella,Solis,Insider,SD
00332,Ronin,Hunter,Insider,IL
00333,Khloe,Dominguez,VIB,NV
00334,Kaden,Castillo,Rouge,PA
00335,Eva,Carlson,Insider,OK
00336,Paul,Parks,None,OR
00337,Ainsley,Brewer,Insider,KS
00338,Cruz,Cortez,Rouge,ME
00339,Haven,Carroll,VIB,NM
00340,Oscar,Brown,VIB,IL
00341,Charlotte,Preston,Rouge,LA
00342,Vincenzo,Proctor,Insider,OK
00343,Chandler,Wilson,VIB,LA
00344,Daniel,Pittman,VIB,MN
00345,Marie,Chavez,Insider,WI
00346,Ian,Baxter,Rouge,NH
00347,Lara,Castaneda,None,MI
00348,Collin,Jacobs,Insider,WI
00349,Camilla,Kirk,VIB,WA
00350,Alessandro,Shepherd,Rouge,FL
00351,Katalina,Bryan,Insider,NC
00352,Jaxtyn,Mayo,Insider,CA
00353,Aarya,Curtis,Rouge,NV
00354,Muhammad,Robinson,Insider,CA
00355,Nora,Gonzales,VIB,KS
00356,Brayden,Griffith,Insider,NY
00357,Alicia,Harris,VIB,AZ
00358,Samuel,Deleon,VIB,NV
00359,Gabrielle,Potter,Rouge,IN
00360,Lucca,Mason,Rouge,IL
00361,Sienna,Johnson,Insider,MO
00362,Noah,Campos,VIB,NJ
00363,Sutton,Blair,Rouge,WA
00364,Troy,Duncan,Insider,PR
00365,Elise,Hayes,VIB,GA
00366,Legend,Morse,VIB,CT
00367,Kairi,Galindo,Rouge,OH
00368,Salvatore,Prince,Insider,MD
00369,Greta,Pineda,Insider,PA
00370,Gerardo,Lester,VIB,KY
00371,Averi,Christian,Rouge,SC
00372,Ledger,Glass,VIB,DE
00373,Clare,Brandt,Insider,MI
00374,Damir,Hail,None,OK
00375,Lainey,Harmon,Rouge,DE
00376,Roberto,Norris,None,NE
00377,Arielle,Hahn,None,MA
00378,Kabir,Warner,Insider,OH
00379,Wynter,McFarland,None,NJ
00380,Dane,Dodson,Rouge,WI
00381,Etta,Bowen,VIB,KS
00382,Trevor,Banks,VIB,IA
00383,Cali,Hall,Rouge,NE
00384,Thomas,Yoder,Rouge,IL
00385,Emerie,Copeland,Rouge,NH
00386,Axton,Roberts,VIB,MO
00387,Paisley,Riley,VIB,LA
00388,Amari,Guzman,None,FL
00389,Ashley,Cox,None,DC
00390,Connor,Ferguson,Rouge,KS
00391,Juliana,Lara,None,KS
00392,Caiden,Camacho,VIB,DC
00393,Armani,Gilmore,Rouge,CA
00394,Vihaan,Woodward,Insider,CT
00395,Drew,Chase,None,MS
00396,Otis,Acevedo,Insider,NJ
00397,Ashlynn,Bowman,Insider,CT
00398,Francisco,Knight,None,AK
00399,Gracie,Fitzpatrick,Rouge,IN
00400,Blaze,Church,None,MI
00401,Ayleen,Norman,Insider,OK
00402,Aziel,Corona,Insider,DE
00403,Marianna,Wallace,None,SD
00404,Chase,Lynch,VIB,DE
00405,Malia,Rangel,VIB,MS
00406,Saint,Blankenship,VIB,ME
00407,Rosalee,Burns,Rouge,KS
00408,August,Hutchinson,Rouge,OR
00409,Jamie,McCarty,Insider,CA
00410,Blaise,Bentley,VIB,IA
00411,Jaylin,Stone,Insider,AK
00412,Finn,Pace,Insider,ND
00413,Giana,Noble,Rouge,AL
00414,Idris,Mills,VIB,NJ
00415,June,Hale,None,NH
00416,Ezequiel,Salgado,Rouge,NM
00417,Avalynn,Coffey,Insider,NE
00418,Kody,Spence,Insider,ME
00419,Aislinn,Odom,VIB,NE
00420,Kylian,Castillo,VIB,NM
00421,Eva,Taylor,None,TN
00422,Jackson,Murray,Insider,FL
00423,Faith,Patterson,VIB,KY
00424,Amir,Rogers,Insider,AL
00425,Madelyn,Wu,None,OR
00426,Kyson,Anthony,None,AK
00427,Macy,Barry,VIB,NC
00428,Emery,Velez,VIB,SC
00429,Megan,Osborne,None,AR
00430,Augustus,Dickerson,Insider,MN
00431,Opal,Massey,VIB,AK
00432,Donald,Savage,Rouge,CA
00433,Louise,Curtis,Rouge,AZ
00434,Muhammad,Knight,Insider,NH
00435,Gracie,Munoz,None,NE
00436,Justin,Boyle,Insider,DE
00437,Aliya,Pena,VIB,UT
00438,Marcus,Mendoza,None,MO
00439,Cora,Woods,Rouge,AL
00440,Zion,Avalos,None,AL
00441,Paloma,May,VIB,MA
00442,Finley,Guzman,Rouge,DE
00443,Ashley,Freeman,Rouge,UT
00444,Jayce,Avalos,Rouge,AZ
00445,Paloma,Bridges,None,UT
00446,Mohammed,Montes,VIB,HI
00447,Roselyn,Lloyd,Rouge,DC
00448,Zaire,Wilkerson,None,NJ
00449,Janiyah,McMahon,None,OR
00450,Jakob,Gillespie,VIB,MN
00451,Alianna,Petersen,None,MI
00452,Samson,Bowen,None,WA
00453,Dream,Bradley,Rouge,MO
00454,Richard,Snow,VIB,IN
00455,Alexia,Byrd,Rouge,WI
00456,Cristian,Sandoval,VIB,SD
00457,Elsie,Brady,None,VA
00458,Reed,Willis,None,PR
00459,Alexa,Warner,Insider,WA
00460,Jaxton,Bernard,None,UT
00461,Barbara,Cordova,VIB,OR
00462,Vicente,Hicks,Insider,NV
00463,Alina,Steele,Rouge,KS
00464,Elian,Livingston,Rouge,ND
00465,Milena,Perkins,None,ID
00466,Kyrie,McKay,None,TX
00467,Leanna,Leonard,VIB,DC
00468,Ricardo,Lawrence,Insider,UT
00469,Lauren,Wallace,VIB,MA
00470,Chase,French,None,HI
00471,Lorelai,McLaughlin,VIB,OR
00472,Ibrahim,Middleton,Rouge,CT
00473,Madalyn,Ayala,Rouge,NC
00474,Tanner,Chavez,Rouge,DC
00475,Nevaeh,Mata,None,MD
00476,Ray,Rush,VIB,PA
00477,Maleah,Velez,None,IL
00478,Kareem,Neal,Rouge,NV
00479,Talia,Salazar,Rouge,PR
00480,Brody,Strong,Rouge,NE
00481,Margo,Vance,None,AR
00482,Casen,Reeves,Insider,AK
00483,Lana,Hurst,Rouge,SD
00484,Neil,Baxter,Insider,AK
00485,Lara,Hanna,Rouge,NM
00486,Aydin,Schaefer,None,TN
00487,Mavis,Xiong,None,ME
00488,Azrael,Arnold,Insider,CO
00489,Finley,English,None,MO
00490,Junior,Collins,VIB,DC
00491,Kinsley,Cole,Insider,OR
00492,Nathaniel,Gibbs,VIB,ND
00493,Carter,Hart,VIB,NC
00494,Joel,Webster,None,NC
00495,Kensley,Mason,None,WA
00496,Brandon,Valenzuela,Insider,PA
00497,Henley,Hurst,Rouge,VA
00498,Neil,Buchanan,VIB,NM
00499,Maryam,Leal,Rouge,IA
00500,Cedric,Shelton,VIB,CO
00501,Makenzie,Walter,Insider,CT
00502,Lochlan,Barr,None,AR
00503,Noemi,Parra,Rouge,MA
00504,Davion,Rasmussen,VIB,TN
00505,Esperanza,Duran,None,SC
00506,Ismael,Schultz,Rouge,LA
00507,Briella,Liu,VIB,MA
00508,Pedro,Ayers,None,MI
00509,Simone,Barajas,Rouge,OH
00510,Brennan,Bass,VIB,AZ
00511,Zahra,Blackburn,None,UT
00512,Zahir,Pugh,Insider,FL
00513,Landry,Torres,Insider,FL
00514,Jayden,Stewart,Insider,AR
00515,Maya,Trejo,Insider,IA
00516,Wesson,Mason,VIB,NJ
00517,Sienna,Hendricks,Insider,SC
00518,Dash,Juarez,VIB,WA
00519,Juliet,Leal,VIB,CO
00520,Cedric,Leon,Rouge,ND
00521,Amora,Fowler,Rouge,HI
00522,Kameron,Harrell,Insider,WI
00523,Kara,Rocha,None,OH
00524,Onyx,Murphy,Rouge,NY
00525,Bella,Trevino,Insider,ND
00526,Jaime,Haley,VIB,WI
00527,Addilynn,O’Neal,None,NV
00528,Eddie,Foley,Insider,NJ
00529,Zaylee,Lewis,Insider,IN
00530,Wyatt,Washington,None,IA
00531,Valerie,Fox,VIB,NV
00532,Antonio,Bryant,None,MO
00533,Parker,Ware,VIB,UT
00534,Tadeo,Knight,Insider,WI
00535,Gracie,Alvarado,Rouge,NV
00536,Andres,Ware,Rouge,WA
00537,Eileen,Kramer,Rouge,IN
00538,Kylan,Duffy,None,UT
00539,Addisyn,Rich,None,PA
00540,Miller,Palacios,Rouge,UT
00541,Bria,Murray,VIB,DE
00542,Ashton,Buckley,Insider,DC
00543,Theodora,Mercado,Rouge,DC
00544,Abram,Mullen,Insider,CO
00545,Shay,Conner,Rouge,CA
00546,Phillip,Maxwell,None,IA
00547,Kyla,Richards,Insider,DE
00548,Holden,Coffey,Rouge,TX
00549,Paola,Barrera,Insider,IA
00550,Makai,McCann,Insider,MN
00551,Joyce,Moss,VIB,NE
00552,Porter,Lane,Insider,ID
00553,Amy,Cervantes,None,DC
00554,Kamari,Enriquez,VIB,DE
00555,Nellie,Cameron,Insider,SC
00556,Rayan,Snow,Insider,DE
00557,Alexia,Hutchinson,VIB,WI
00558,Korbin,Hull,Insider,MA
00559,Andi,Hale,VIB,ND
00560,Ezequiel,House,None,OK
00561,Sariah,Johns,None,ID
00562,Joziah,Reyes,Rouge,GA
00563,Audrey,Blake,VIB,LA
00564,Zyaire,Frye,Rouge,MA
00565,Raya,Dickson,VIB,KY
00566,Maxton,Gregory,VIB,AL
00567,Alaya,Schneider,None,IN
00568,Raymond,Rice,Rouge,IA
00569,Ada,Palmer,Insider,WA
00570,Theo,Buckley,VIB,NY
00571,Theodora,Salgado,VIB,CA
00572,Trace,Portillo,Insider,MA
00573,Nathalie,Bernard,None,DC
00574,Jair,Scott,Rouge,LA
00575,Aurora,Reyes,Rouge,SD
00576,Eli,Mullen,None,MI
00577,Shay,Schmidt,Insider,NJ
00578,Zayden,Beasley,Insider,MO
00579,Jaylah,Stephenson,VIB,FL
00580,Joe,Landry,Rouge,SD
00581,Brynleigh,Acosta,None,MA
00582,Jensen,Wiley,Insider,PR
00583,Lauryn,Harding,Rouge,CT
00584,Brodie,Reid,VIB,NV
00585,Charlee,Nguyen,Rouge,UT
00586,Gabriel,Fox,None,NM
00587,Juliette,Carlson,Insider,PR
00588,Paul,Vazquez,VIB,NJ
00589,Journee,Stevens,None,PR
00590,Zachary,Murphy,VIB,NH
00591,Bella,Clay,Insider,ME
00592,Yosef,Tate,VIB,MN
00593,Skye,Johnston,Rouge,NM
00594,Felix,Pineda,Rouge,GA
00595,Nola,Jacobson,VIB,AL
00596,Legacy,Brady,Rouge,ME
00597,Ryan,Buchanan,Insider,WA
00598,Enrique,Chapman,Rouge,WI
00599,Zuri,Hudson,VIB,IL
00600,Peter,Hardin,Rouge,FL
00601,Vada,Wilcox,Rouge,OR
00602,Jerry,Ashley,Rouge,NM
00603,Khalani,Reyna,None,WA
00604,Reginald,Wilkinson,Insider,NJ
00605,Siena,Cole,Insider,WI
00606,Nathaniel,O’brien,None,VA
00607,Joanna,Knox,None,IL
00608,Valentin,Farmer,Rouge,MA
00609,Madelynn,Friedman,Rouge,MI
00610,Darwin,Leonard,VIB,LA
00611,Demi,Stout,Insider,NM
00612,Callahan,Schmidt,Insider,OR
00613,Kimberly,Burgess,None,KS
00614,Kolton,Chan,None,CA
00615,Hattie,Boyle,None,FL
00616,Robin,David,Insider,PA
00617,Haylee,Walter,VIB,DE
00618,Lochlan,Serrano,VIB,NY
00619,Allie,Ryan,Rouge,KS
00620,Timothy,Richmond,Insider,IN
00621,Whitney,Strickland,None,AL
00622,Keegan,Dougherty,VIB,NE
00623,Alisson,Wallace,None,OH
00624,Chase,Prince,Rouge,DC
00625,Greta,Harper,None,SC
00626,Hayes,Palacios,Insider,SD
00627,Bria,Grimes,None,MO
00628,Harlan,Townsend,None,WI
00629,Azalea,Pittman,VIB,AK
00630,Valentino,Alfaro,VIB,OK
00631,Yasmin,Torres,Insider,TN
00632,Jayden,Yoder,None,IA
00633,Emerie,Livingston,Rouge,NE
00634,Ambrose,Cannon,VIB,ME
00635,Noa,Duffy,None,HI
00636,Kyng,Olsen,Rouge,KS
00637,Oaklyn,Sloan,Rouge,PA
00638,Ocean,Sloan,Insider,SC
00639,Selene,Hale,Rouge,MA
00640,Ezequiel,Carson,VIB,CT
00641,Nalani,Huynh,None,AK
00642,Layton,Santana,None,MO
00643,Myra,Lowe,VIB,LA
00644,Julius,Marin,None,PA
00645,Celia,Gibson,None,MD
00646,Tyler,Hood,Rouge,NJ
00647,Briana,Sierra,Insider,KY
00648,Dayton,Wang,Rouge,OH
00649,Kailani,Cross,Rouge,MI
00650,Fabian,Hines,None,NH
00651,Poppy,Rhodes,VIB,MS
00652,Titus,Wright,Rouge,PR
00653,Lily,Lugo,Insider,GA
00654,Santos,Kirk,Insider,NM
00655,Ellis,Leon,VIB,UT
00656,Marshall,Calhoun,Insider,CO
00657,Thalia,Hickman,VIB,NJ
00658,Jakobe,Novak,Rouge,LA
00659,Kaiya,Flores,None,DE
00660,Lincoln,Sutton,Rouge,CT
00661,Izabella,Brady,Rouge,MN
00662,Reed,Warren,VIB,WI
00663,Sloane,Schwartz,Insider,NM
00664,Edwin,Espinoza,None,WA
00665,Lucille,Frederick,Insider,MI
00666,Kase,Proctor,Rouge,FL
00667,Chandler,Zamora,Rouge,AZ
00668,Quentin,Strong,Insider,IN
00669,Margo,Anthony,VIB,AL
00670,Shiloh,Kirby,None,GA
00671,Skyla,Lyons,Insider,KS
00672,Cyrus,Peters,None,NC
00673,Leila,Cabrera,Insider,DE
00674,Cade,Gill,VIB,CO
00675,Jordan,Richards,Insider,PA
00676,Holden,Schwartz,Rouge,AZ
00677,Lilliana,Valdez,Insider,IN
00678,Kyler,Shaffer,VIB,ND
00679,Alanna,Hogan,VIB,WA
00680,Sonny,Cross,Rouge,IL
00681,Nayeli,Bass,VIB,NV
00682,Landen,Bernal,None,OH
00683,Emmeline,Sandoval,Insider,CA
00684,Brantley,Arellano,VIB,MI
00685,Faye,Wright,None,ME
00686,Grayson,Hull,Rouge,KS
00687,Andi,Duarte,Insider,TN
00688,Abdullah,Duffy,Insider,OH
00689,Addisyn,McLean,Rouge,AZ
00690,Crosby,Wall,Insider,CT
00691,Jayda,Sweeney,Insider,MS
00692,Nixon,McDaniel,VIB,ND
00693,Dahlia,Mata,None,ME
00694,Ray,Benson,Rouge,UT
00695,Collins,Marks,Insider,ND
00696,Amos,Trujillo,Insider,CT
00697,Danielle,Friedman,VIB,HI
00698,Darwin,Curry,Rouge,PR
00699,Alison,Campbell,None,NJ
00700,Christopher,Hurley,None,AR
00701,Rylan,Wu,None,OR
00702,Kyson,Pugh,None,WI
00703,Landry,Huffman,Insider,DC
00704,Chris,Brewer,None,MS
00705,Thea,Moreno,None,ID
00706,Myles,Boyle,Rouge,AR
00707,Aliya,Bowman,Insider,IN
00708,Francisco,Adams,None,SC
00709,Stella,Nelson,VIB,SD
00710,Dylan,Durham,VIB,DC
00711,Tiffany,Hood,Rouge,FL
00712,Brixton,Diaz,VIB,GA
00713,Elena,Murray,VIB,NC
00714,Ashton,Hopkins,Insider,DC
00715,Gabriela,Wheeler,Rouge,PR
00716,Kenneth,Cameron,Rouge,MO
00717,Julie,Rubio,None,WI
00718,Titan,Pitts,None,ID
00719,Nala,Meza,Rouge,MD
00720,Lucian,Berg,Rouge,WI
00721,Emmalyn,Raymond,Rouge,TN
00722,Maurice,Day,Rouge,KY
00723,Hayden,McDonald,VIB,KY
00724,Calvin,Espinosa,Insider,GA
00725,Braylee,Carey,Insider,MA
00726,Watson,Rosales,Rouge,WI
00727,Kinley,Hammond,None,FL
00728,Francis,McKenzie,Rouge,TX
00729,Briar,Murphy,Rouge,LA
00730,Cameron,Kirby,Insider,NJ
00731,Skyla,Meza,None,AZ
00732,Lucian,Casey,None,MI
00733,Sylvia,Lindsey,None,OH
00734,Jayson,Leonard,None,OH
00735,Demi,Dillon,Insider,IL
00736,Alvin,Knapp,None,SD
00737,Linda,Maxwell,None,IL
00738,Eden,Jones,Insider,MA
00739,Sophia,Stewart,Rouge,FL
00740,Nolan,Wood,Rouge,WA
00741,Natalia,Olson,Insider,ID
00742,Malachi,Warren,None,MI
00743,Sloane,Roberson,Rouge,MN
00744,Shepherd,Hayden,Rouge,AZ
00745,Avayah,Escobar,None,ID
00746,Zachariah,Boone,Rouge,ID
00747,Mariam,Smith,VIB,LA
00748,Liam,Glenn,None,ME
00749,Blaire,Vang,Rouge,NM
00750,Jimmy,Warner,Rouge,TX
00751,Wynter,Duncan,None,IL
00752,Avery,Hanson,None,CA
00753,Mariana,Flores,VIB,CT
00754,Lincoln,Mann,None,KY
00755,Paislee,Buckley,None,MD
00756,Aryan,Summers,None,TN
00757,Frankie,Herring,None,OH
00758,Henrik,Valenzuela,Rouge,AL
00759,Henley,Villarreal,VIB,OH
00760,Nikolai,Shepherd,None,ID
00761,Katalina,Guevara,Rouge,MN
00762,Tommy,Trejo,VIB,OK
00763,Rosalyn,Prince,Rouge,PR
00764,Aron,Serrano,None,GA
00765,Allie,Acevedo,Rouge,WA
00766,Dakari,Carey,Insider,NV
00767,Alora,Martinez,None,HI
00768,Alexander,Branch,Rouge,OH
00769,Luisa,Velez,None,MO
00770,Kareem,Black,Rouge,NM
00771,Molly,Hail,Insider,NJ
00772,Hector,Goodman,VIB,DC
00773,Carolina,Pena,Insider,IN
00774,Marcus,Buckley,None,NH
00775,Theodora,McKee,VIB,NC
00776,Bjorn,Walsh,Rouge,VA
00777,Leia,McCall,Insider,AR
00778,Kiaan,Nicholson,VIB,IL
00779,Justice,Brandt,None,NJ
00780,Damir,Moreno,None,IA
00781,Mary,McGuire,Rouge,MD
00782,Casey,Brooks,VIB,OK
00783,Autumn,Ward,None,NV
00784,Jameson,Chambers,None,LA
00785,Makayla,Franklin,VIB,NV
00786,Simon,Schroeder,VIB,IA
00787,Cameron,Huang,Rouge,OK
00788,Ayaan,Harper,Insider,WI
00789,Ana,Lucas,Insider,NY
00790,Chance,Hester,Rouge,FL
00791,Zendaya,Wilkins,VIB,NY
00792,Yusuf,Jenkins,Rouge,OH
00793,Rylee,Briggs,Insider,CO
00794,Case,Watts,Rouge,MO
00795,Melissa,Clayton,None,AL
00796,Boston,Bradford,VIB,DE
00797,Rhea,Jordan,Insider,ID
00798,Sawyer,McDowell,None,NM
00799,Rayna,Jones,Rouge,PA
00800,William,Simon,VIB,GA
00801,Kalani,Lewis,Insider,NJ
00802,Wyatt,Underwood,Insider,TN
00803,Ensley,Bush,None,MO
00804,Tyson,Rojas,VIB,MS
00805,Adaline,Robertson,Rouge,GA
00806,Emiliano,Shaffer,VIB,AL
00807,Alanna,Blackburn,VIB,GA
00808,Zahir,Burgess,VIB,IA
00809,Emory,Martin,Rouge,GA
00810,Mateo,Black,Insider,NJ
00811,Molly,Pruitt,Rouge,AK
00812,Gatlin,Hess,Rouge,SC
00813,Kaliyah,Skinner,Insider,WI
00814,Ridge,Wall,VIB,NC
00815,Jayda,Carrillo,VIB,NE
00816,Wade,Baker,Rouge,MD
00817,Isla,Yoder,None,IN
00818,Johan,McPherson,Rouge,NC
00819,Emmaline,Hardin,Rouge,UT
00820,Hassan,Trujillo,Rouge,OR
00821,Danielle,Wu,None,DE
00822,Kyson,Patterson,Insider,AK
00823,Kaylee,Barajas,VIB,AZ
00824,Brennan,Hinton,VIB,NV
00825,Jaelynn,Osborne,Insider,NY
00826,Augustus,Nielsen,VIB,DE
00827,Vienna,Fischer,VIB,KS
00828,Leonidas,Sloan,Insider,IL
00829,Selene,Villarreal,VIB,MN
00830,Nikolai,Gillespie,Insider,NE
00831,Alianna,Waters,Insider,NH
00832,Maximilian,Sims,None,VA
00833,Lena,Elliott,Rouge,NM
00834,Blake,Lu,None,IL
00835,Emani,Duke,None,TX
00836,Kalel,Shelton,Rouge,PR
00837,Makenzie,Taylor,None,MO
00838,Jackson,Mercado,Insider,MI
00839,Mckinley,O’Neal,VIB,MO
00840,Eddie,Montgomery,VIB,MN
00841,Evangeline,Allison,Insider,FL
00842,Dennis,Wise,VIB,NH
00843,Mira,Webster,Rouge,NE
00844,Shawn,James,Rouge,AL
00845,Quinn,Richmond,VIB,NV
00846,Mordechai,Cross,Insider,CO
00847,Nayeli,Ramos,VIB,MS
00848,Angel,Rodgers,Rouge,NY
00849,Selah,Trejo,Rouge,MA
00850,Wesson,Perez,Rouge,IL
00851,Eleanor,Esparza,VIB,NJ
00852,Carl,Pineda,None,DC
00853,Nola,Brooks,None,CO
00854,Jordan,Blake,Insider,OR
00855,Amanda,Blackwell,Insider,NV
00856,Marcellus,Esquivel,Rouge,SD
00857,Jaylee,Shields,Rouge,NY
00858,Devon,Medrano,Rouge,CO
00859,Halle,Ingram,Rouge,DE
00860,Tripp,Cochran,Rouge,ID
00861,Alma,Jensen,None,AK
00862,Cash,Herman,Rouge,MD
00863,Paulina,Soto,Rouge,MI
00864,Barrett,Powers,Insider,IL
00865,Michelle,Lawrence,None,NY
00866,Kaleb,Chung,VIB,GA
00867,Rivka,Walter,Insider,VA
00868,Lochlan,Wilcox,VIB,MI
00869,Ashlyn,Kim,None,AK
00870,Roman,Sellers,Insider,DE
00871,Mercy,Russell,Insider,MO
00872,Weston,Ware,VIB,KY
00873,Eileen,Swanson,Insider,OH
00874,Hugo,Moreno,VIB,MI
00875,Mary,Strong,VIB,IL
00876,Axl,Peters,VIB,NH
00877,Leila,Griffith,None,CA
00878,Franklin,Arroyo,VIB,WA
00879,Kyra,Diaz,None,MA
00880,Nathan,Sampson,Rouge,MD
00881,Meilani,Middleton,None,MN
00882,Misael,Livingston,VIB,NY
00883,Milena,Blevins,Rouge,IL
00884,Avi,Brennan,Insider,MS
00885,Elodie,Daniel,Rouge,NJ
00886,Grady,Hoffman,None,MS
00887,Aspen,Velez,Rouge,MS
00888,Kareem,Clarke,VIB,MN
00889,Kaitlyn,Frank,Rouge,CO
00890,Braylen,Butler,None,AR
00891,Athena,Durham,Insider,IA
00892,Kellen,Freeman,Rouge,ME
00893,Norah,Paul,Insider,IL
00894,Noel,Newton,VIB,IL
00895,Braelynn,Proctor,Rouge,DE
00896,Vance,Blair,Rouge,NE
00897,Frances,Fuller,VIB,WI
00898,Andre,Marshall,VIB,UT
00899,Adalyn,Lim,Insider,IL
00900,Cal,Potter,VIB,OR
00901,Rory,Williams,VIB,PR
00902,Oliver,McCullough,None,SD
00903,Hana,Valenzuela,Rouge,VA
00904,Jamari,Ibarra,Insider,NM
00905,Madilynn,Garrett,Insider,NV
00906,Kairo,Bradford,Insider,DE
00907,Rhea,Baldwin,None,MO
00908,Jaiden,Leblanc,VIB,NE
00909,Novalee,Harper,VIB,OR
00910,Hayes,Bender,VIB,SD
00911,Lilyana,Bridges,Insider,FL
00912,Mohammed,Porter,Insider,VA
00913,Ryleigh,Cordova,VIB,IN
00914,Vicente,Briggs,Insider,UT
00915,Alia,Wilkins,Insider,OH
00916,Yusuf,Barker,Insider,OK
00917,Remington,Jennings,Rouge,NV
00918,Corbin,Hoover,Rouge,OH
00919,Virginia,Hunt,Insider,OK
00920,Jesus,Miranda,Rouge,SD
00921,Amina,Weber,VIB,RI
00922,Crew,Mora,Insider,KS
00923,Jemma,Leblanc,None,OH
00924,Braden,Robinson,Rouge,TN
00925,Nora,Bradshaw,VIB,AZ
00926,Emory,Cummings,None,NE
00927,Nylah,Schroeder,Insider,MI
00928,Izaiah,Rich,Insider,CO
00929,Sunny,Robinson,Insider,MN
00930,Matthew,Blackburn,VIB,KS
00931,Frida,Mayer,None,CO
00932,Yahir,Potter,Rouge,MN
00933,Rory,Case,None,MN
00934,Bentlee,Hunt,Rouge,GA
00935,Genevieve,Preston,None,IA
00936,Vincenzo,Parra,VIB,NV
00937,Dalary,Coffey,None,ME
00938,Kody,Burch,Insider,VA
00939,Freyja,Conrad,Insider,AR
00940,Dilan,Serrano,None,CA
00941,Allie,Ellis,VIB,DC
00942,Cole,Christian,None,OK
00943,Anahi,Harrington,None,OR
00944,Omari,Maddox,VIB,MD
00945,Zainab,Rose,Insider,RI
00946,Hayden,Bonilla,VIB,AZ
00947,Romina,Tucker,None,DC
00948,Ivan,Riley,VIB,AK
00949,Kayla,Dudley,None,ME
00950,Colter,O’Donnell,Insider,NE
00951,Bellamy,Hunter,VIB,OK
00952,Archer,Winters,None,DE
00953,Kataleya,Schultz,Insider,MS
00954,Cody,Craig,None,MA
00955,Brynn,Castro,Rouge,OK
00956,Jasper,Phillips,Rouge,AK
00957,Naomi,Serrano,VIB,IN
00958,Milan,Lambert,None,SC
00959,Nina,Calderon,Rouge,NH
00960,Oakley,Burton,Insider,FL
00961,Miriam,Krueger,Insider,CT
00962,Jones,Kline,None,OK
00963,Sevyn,Rosales,Rouge,CT
00964,Wilder,Garcia,None,MN
00965,Amelia,Fleming,Rouge,AK
00966,Fernando,Liu,Insider,DE
00967,Kate,Patterson,Rouge,KS
00968,Amir,Kaur,Rouge,MI
00969,Holland,Sanders,Rouge,NM
00970,Jose,Brady,Rouge,GA
00971,Ryan,Ware,VIB,AL
00972,Tadeo,Mills,VIB,AL
00973,June,Nielsen,VIB,LA
00974,Tru,Beck,Insider,NH
00975,Gia,Park,Insider,CA
00976,Daxton,Harrison,VIB,AL
00977,Jasmine,Monroe,Rouge,NE
00978,Colby,Brennan,None,GA
00979,Elodie,Cox,Rouge,IN
00980,Connor,Lin,Insider,IA
00981,Makenna,Garza,VIB,MO
00982,Judah,Morrow,Insider,OH
00983,Reyna,Spencer,VIB,NV
00984,Ace,Lucas,Insider,PA
00985,Phoenix,Cano,None,NC
00986,Terry,Ponce,VIB,CA
00987,Aileen,Buchanan,VIB,AK
00988,Enrique,Larson,Rouge,SD
00989,Alayna,Stevenson,VIB,MI
00990,Callan,Webster,Rouge,CA
00991,Kensley,Rios,None,NM
00992,Israel,Tyler,None,WA
00993,Helena,Vu,None,UT
00994,Kamdyn,Barrett,Insider,CO
00995,Kendall,Klein,Insider,UT
00996,Marco,Villalobos,Rouge,MA
00997,Zoya,McLaughlin,Rouge,AK
00998,Ibrahim,Carlson,Rouge,CA
00999,Kali,Keller,Insider,ID
01000,Nico,Osborne,VIB,MN
